known_beta,original_n,bias_level,data_model,median_ci_range,median_abs_bias,sd_abs_bias,n
-0.5,1000,minimal,lambda_trimmed,0.14697001345145905,0.06000062612739687,0.15250858676063506,363
-0.5,1000,minimal,lambda_under,0.042190549481220974,0.01454741160417039,0.00997259809703033,363
-0.5,1000,moderate,lambda_trimmed,0.18456885917661214,0.12051966358917066,0.1909519937794407,341
-0.5,1000,moderate,lambda_under,0.05065856364776711,0.09939027092110703,0.013484148617938386,341
-0.5,1000,strong,lambda_trimmed,0.3119328993662465,0.1968168851445004,0.18414286818699133,319
-0.5,1000,strong,lambda_under,0.06863542990415394,0.2176667740511956,0.019160388067210033,319
-0.5,1000,extreme,lambda_trimmed,0.4642168617550801,0.3826159204721708,0.20928929938934202,325
-0.5,1000,extreme,lambda_under,0.09416226819626294,0.2603004132377852,0.03569845161133735,325
-0.25,1000,minimal,lambda_trimmed,0.051598344607033234,0.011365031998744404,0.010948325608196254,500
-0.25,1000,minimal,lambda_under,0.03884626635037983,0.008988856940363804,0.007747147774168507,500
-0.25,1000,moderate,lambda_trimmed,0.09228577706026832,0.02902268481110555,0.021391984958648136,500
-0.25,1000,moderate,lambda_under,0.03547724861816828,0.05142727297644488,0.011029923983772835,500
-0.25,1000,strong,lambda_trimmed,0.18685475728109138,0.06078226658592131,0.061738776221975086,500
-0.25,1000,strong,lambda_under,0.042841089949301914,0.11400719379208805,0.013821532872179104,500
-0.25,1000,extreme,lambda_trimmed,0.3966324262445329,0.15170171603870192,0.13764456337864314,485
-0.25,1000,extreme,lambda_under,0.06582566173597708,0.13406232332706378,0.022889752644974493,485
-0.1,1000,minimal,lambda_trimmed,0.05291299023388845,0.010487317876419634,0.010276030587822501,500
-0.1,1000,minimal,lambda_under,0.03652043218188959,0.007681812136570286,0.006481169205714389,500
-0.1,1000,moderate,lambda_trimmed,0.0883952295752935,0.01885274085013957,0.016961314990301707,500
-0.1,1000,moderate,lambda_under,0.033843813895163694,0.020771150096789683,0.010011044650449689,500
-0.1,1000,strong,lambda_trimmed,0.17132525053155315,0.036529391120081536,0.04117432778813731,500
-0.1,1000,strong,lambda_under,0.037533589162817044,0.04631762077078004,0.012182516627432617,500
-0.1,1000,extreme,lambda_trimmed,0.356912816751921,0.07923837438774736,0.10004326603128808,494
-0.1,1000,extreme,lambda_under,0.05882907356184128,0.05462056220233187,0.01789922064514357,494
0,1000,minimal,lambda_trimmed,0.04982323201846414,0.010424628963368012,0.010588690643140683,500
0,1000,minimal,lambda_under,0.035241326732668055,0.006922816775023822,0.006527963801646947,500
0,1000,moderate,lambda_trimmed,0.09296779194975993,0.01762993379413444,0.01689246404521565,500
0,1000,moderate,lambda_under,0.03400951058888149,0.006758906063485547,0.005736526292039091,500
0,1000,strong,lambda_trimmed,0.16327620114805302,0.033038877306477706,0.03670213638955014,500
0,1000,strong,lambda_under,0.03549701106891327,0.007433837928853706,0.006385592849579506,500
0,1000,extreme,lambda_trimmed,0.3517460996375601,0.0597612526522069,0.0797903690751518,496
0,1000,extreme,lambda_under,0.056208981973897426,0.010841319307329681,0.010018606153063159,496
-0.5,5000,minimal,lambda_trimmed,0.20270591132065308,0.09612809644703124,0.17111041982419578,232
-0.5,5000,minimal,lambda_under,0.018958039537796983,0.008647594049828011,0.0056759477805975915,232
-0.5,5000,moderate,lambda_trimmed,0.18634627388390196,0.10014479181250807,0.17126578721065472,223
-0.5,5000,moderate,lambda_under,0.03219122667799279,0.09028598506349056,0.005851351258283467,223
-0.5,5000,strong,lambda_trimmed,0.23026392293494308,0.15172875528806246,0.2044442322199443,213
-0.5,5000,strong,lambda_under,0.045976541434116336,0.1997807806828537,0.007810838420900082,213
-0.5,5000,extreme,lambda_trimmed,0.40172485992423257,0.30078059246072986,0.22571080422472403,222
-0.5,5000,extreme,lambda_under,0.03823736897743579,0.22780468298617615,0.013668280774025158,222
-0.25,5000,minimal,lambda_trimmed,0.025115445200412256,0.0053089360762066384,0.004430295837879613,500
-0.25,5000,minimal,lambda_under,0.017093465416593373,0.005254045848933922,0.004085664205750357,500
-0.25,5000,moderate,lambda_trimmed,0.049619150494451245,0.01213453566991754,0.010701917079864882,500
-0.25,5000,moderate,lambda_under,0.016287131899301005,0.047630512822093685,0.004913795848263736,500
-0.25,5000,strong,lambda_trimmed,0.0958419920646627,0.026725719467128484,0.022443167082795992,499
-0.25,5000,strong,lambda_under,0.01996412929732716,0.10413263696163036,0.005378936678267731,499
-0.25,5000,extreme,lambda_trimmed,0.22199116735513363,0.06984836010149312,0.09588621676094503,480
-0.25,5000,extreme,lambda_under,0.026883299305921926,0.11571494845117279,0.009104698354482485,480
-0.1,5000,minimal,lambda_trimmed,0.026240846665363957,0.0050704772560099046,0.004706239555995704,500
-0.1,5000,minimal,lambda_under,0.016855156495714008,0.0035070018255439622,0.003170619362805047,500
-0.1,5000,moderate,lambda_trimmed,0.04720992981921233,0.009584205732257566,0.009228306977592964,500
-0.1,5000,moderate,lambda_under,0.014443350085755702,0.019724145325151196,0.004462553170965475,500
-0.1,5000,strong,lambda_trimmed,0.08464536783987797,0.020249624398980523,0.022015628215455364,500
-0.1,5000,strong,lambda_under,0.014994922730285232,0.04150421748838385,0.004619730439044468,500
-0.1,5000,extreme,lambda_trimmed,0.20937856315355774,0.044014524051932166,0.06600254076605426,498
-0.1,5000,extreme,lambda_under,0.022970690128316262,0.04623297317254249,0.006843013882790851,498
0,5000,minimal,lambda_trimmed,0.02465961502611958,0.0045066329487407075,0.004641022863171706,500
0,5000,minimal,lambda_under,0.01677274025351171,0.0029779723209526513,0.002633577490946284,500
0,5000,moderate,lambda_trimmed,0.04788217690823843,0.009638509205672,0.008512270400893038,500
0,5000,moderate,lambda_under,0.0150483740525872,0.002901270720704953,0.002476348922071917,500
0,5000,strong,lambda_trimmed,0.0899899039385953,0.016277157488417036,0.0193637555197662,500
0,5000,strong,lambda_under,0.014691265669367386,0.0026663021420098324,0.0025076139771330174,500
0,5000,extreme,lambda_trimmed,0.21920131120007394,0.0437915107004434,0.06471993747695566,500
0,5000,extreme,lambda_under,0.02183933913079112,0.0038362957496821323,0.0038256258356127977,500
-0.5,10000,minimal,lambda_trimmed,0.22429130353935456,0.10223414232884631,0.19755783618430264,201
-0.5,10000,minimal,lambda_under,0.013588033520986587,0.009032842040951727,0.004499607712271007,201
-0.5,10000,moderate,lambda_trimmed,0.21496007450095267,0.11168289888465763,0.19539467418692774,188
-0.5,10000,moderate,lambda_under,0.02900482999610482,0.08940349567436576,0.004023037014370431,188
-0.5,10000,strong,lambda_trimmed,0.2683856905396611,0.16080643896560515,0.20705938402011212,189
-0.5,10000,strong,lambda_under,0.041448529899504316,0.19696885657843516,0.005624378833832766,189
-0.5,10000,extreme,lambda_trimmed,0.3615377585458731,0.2604044431683641,0.196966341422513,151
-0.5,10000,extreme,lambda_under,0.02712787476311629,0.21939514449738362,0.009979107091493212,151
-0.25,10000,minimal,lambda_trimmed,0.018351024006367928,0.0038071053446482317,0.003457845242259715,500
-0.25,10000,minimal,lambda_under,0.012148331192417428,0.004797091008295493,0.0030736230570993154,500
-0.25,10000,moderate,lambda_trimmed,0.03718358079028579,0.008233184595158108,0.006957460295421255,500
-0.25,10000,moderate,lambda_under,0.01289863806660374,0.04732793026522375,0.0031839416591980725,500
-0.25,10000,strong,lambda_trimmed,0.07189381079233921,0.01977213560144621,0.015955952343497098,500
-0.25,10000,strong,lambda_under,0.014570746023326836,0.10216001333201703,0.0037994955944796187,500
-0.25,10000,extreme,lambda_trimmed,0.1723153460045418,0.05434115794622647,0.10654931677701761,478
-0.25,10000,extreme,lambda_under,0.01656804092454242,0.11191256078896203,0.005987172720810893,478
-0.1,10000,minimal,lambda_trimmed,0.01775920484153555,0.0030651992809489353,0.003525849788977024,500
-0.1,10000,minimal,lambda_under,0.011562681089066787,0.002589457040087499,0.0021435511266843705,500
-0.1,10000,moderate,lambda_trimmed,0.03603534467463128,0.007080198332739679,0.0063090128815796445,500
-0.1,10000,moderate,lambda_under,0.010692209096226327,0.019151407551201823,0.0030526984544257947,500
-0.1,10000,strong,lambda_trimmed,0.06529509299252471,0.012508704960400983,0.013413696550023781,500
-0.1,10000,strong,lambda_under,0.010291012656305623,0.04099284498170204,0.0029760536839790854,500
-0.1,10000,extreme,lambda_trimmed,0.16125359062815967,0.03380149337889263,0.05313720386522552,499
-0.1,10000,extreme,lambda_under,0.014832294674455501,0.04471043600047874,0.004415808147874488,499
0,10000,minimal,lambda_trimmed,0.01867266937766695,0.003223409060342758,0.003483049943497739,500
0,10000,minimal,lambda_under,0.011358779727001608,0.0021472381787863088,0.0019157746238984386,500
0,10000,moderate,lambda_trimmed,0.03491498918035838,0.006671461506109845,0.006511250777614034,500
0,10000,moderate,lambda_under,0.00973708650884498,0.002065311551525867,0.001889487209795264,500
0,10000,strong,lambda_trimmed,0.06591638280371884,0.012791656951475558,0.012892325585519145,500
0,10000,strong,lambda_under,0.010214837326373797,0.0019231166748725733,0.0017630854889865081,500
0,10000,extreme,lambda_trimmed,0.16547546813967037,0.031272273613846574,0.05664134421807958,499
0,10000,extreme,lambda_under,0.014510021923586941,0.003090686265372094,0.0025473646654992663,499
